,Abs_frame,X_(px),Y_(px),Channel,Slice,Frame,xMin,yMin,xMax,yMax,NArea,IntegratedInt
0,1.0,6.376402956474131,1091.3845469477142,1.0,1.0,1.0,3.0,1088.0,10.0,1095.0,31.0,21685.714285714283
1,1.0,10.98265366589452,1739.987448149545,1.0,1.0,1.0,8.0,1737.0,14.0,1743.0,21.0,7335.416666666664
2,1.0,17.147290993900253,660.8557140294223,1.0,1.0,1.0,14.0,658.0,20.0,664.0,22.0,8542.166666666664
3,1.0,20.537628257838474,387.0612777519574,1.0,1.0,1.0,17.0,384.0,24.0,390.0,26.0,11529.538461538461
4,1.0,27.618296018170863,906.3707180271635,1.0,1.0,1.0,24.0,903.0,31.0,910.0,30.0,22477.428571428572
5,1.0,27.525832695918226,744.4833460816355,1.0,1.0,1.0,25.0,742.0,30.0,747.0,16.0,3429.0
6,1.0,29.837483586009313,1096.0710994389399,1.0,1.0,1.0,26.0,1093.0,34.0,1099.0,32.0,17402.0
7,1.0,28.936717428087988,1274.4930142615422,1.0,1.0,1.0,26.0,1272.0,32.0,1277.0,20.0,6886.818181818184
8,1.0,36.38124716895667,677.3727162917107,1.0,1.0,1.0,34.0,675.0,39.0,680.0,15.0,3469.399999999998
9,1.0,38.95271851182616,823.6788519007575,1.0,1.0,1.0,35.0,820.0,43.0,827.0,33.0,21787.800000000003
10,1.0,48.031915389274566,282.01635372501516,1.0,1.0,1.0,45.0,279.0,51.0,285.0,23.0,7558.958333333336
11,1.0,47.51407875943685,371.9775556008978,1.0,1.0,1.0,45.0,370.0,50.0,374.0,12.0,2291.333333333332
12,1.0,58.85958600841266,1826.0970223599734,1.0,1.0,1.0,56.0,1823.0,62.0,1829.0,22.0,6471.75
13,1.0,60.51298475786224,1140.9621454755934,1.0,1.0,1.0,57.0,1138.0,64.0,1144.0,26.0,9660.230769230766
14,1.0,62.99033360839326,630.9824354591536,1.0,1.0,1.0,61.0,629.0,65.0,633.0,9.0,3634.8125
15,1.0,64.47521453811207,1524.9761736496719,1.0,1.0,1.0,62.0,1523.0,67.0,1527.0,12.0,2247.666666666668
16,1.0,65.5125925925926,774.527138047138,1.0,1.0,1.0,63.0,772.0,68.0,777.0,16.0,3814.7999999999993
17,1.0,65.98091449289959,1267.4998489273844,1.0,1.0,1.0,63.0,1265.0,69.0,1270.0,20.0,6577.090909090912
18,1.0,72.96747395999745,475.3223848169212,1.0,1.0,1.0,70.0,473.0,76.0,478.0,18.0,4488.63636363636
19,1.0,73.03193951550686,192.99012498071286,1.0,1.0,1.0,71.0,191.0,75.0,195.0,9.0,1216.5625
20,1.0,77.54066947812335,541.4532156035846,1.0,1.0,1.0,74.0,538.0,81.0,545.0,31.0,17561.857142857145
21,1.0,76.76678457984407,1098.0475382616228,1.0,1.0,1.0,74.0,1095.0,80.0,1101.0,23.0,11306.166666666664
22,1.0,78.11913478937845,789.1177881580609,1.0,1.0,1.0,75.0,786.0,81.0,792.0,22.0,7978.083333333336
23,1.0,79.00776754890678,964.464135021097,1.0,1.0,1.0,77.0,962.0,81.0,967.0,12.0,1890.0
24,1.0,83.01083624061741,699.0037001797231,1.0,1.0,1.0,80.0,696.0,86.0,702.0,21.0,6194.208333333336
25,1.0,114.55115470573628,827.4952818475292,1.0,1.0,1.0,112.0,825.0,117.0,830.0,16.0,4350.399999999998
26,1.0,125.41335941866964,1129.132364449413,1.0,1.0,1.0,123.0,1126.0,128.0,1132.0,19.0,4570.545454545456
27,1.0,128.1135252842971,566.1094604403581,1.0,1.0,1.0,125.0,563.0,131.0,569.0,22.0,6146.5
28,1.0,133.7036528863171,1504.2497365228976,1.0,1.0,1.0,130.0,1500.0,137.0,1508.0,35.0,25531.199999999997
29,1.0,143.88527433736039,846.4253370256536,1.0,1.0,1.0,141.0,843.0,147.0,850.0,27.0,12609.230769230766
30,1.0,147.41524734215665,1248.0830982859623,1.0,1.0,1.0,144.0,1245.0,151.0,1251.0,27.0,16857.38461538461
31,1.0,154.58943611705925,1042.3816559600286,1.0,1.0,1.0,152.0,1040.0,157.0,1045.0,15.0,3452.600000000002
32,1.0,155.02385887541345,1298.2183461962513,1.0,1.0,1.0,152.0,1295.0,158.0,1301.0,23.0,7604.666666666664
33,1.0,156.37045541523153,314.6231917336395,1.0,1.0,1.0,154.0,312.0,159.0,317.0,15.0,3719.0
34,1.0,167.47247825522524,1576.0240166169026,1.0,1.0,1.0,164.0,1573.0,171.0,1579.0,26.0,13626.307692307695
35,1.0,168.86141027345656,610.879315693835,1.0,1.0,1.0,166.0,608.0,172.0,614.0,22.0,7563.5
36,1.0,170.9963775836352,163.5082037076497,1.0,1.0,1.0,169.0,161.0,173.0,166.0,12.0,2140.6666666666642
37,1.0,178.95050036612156,665.9988284110325,1.0,1.0,1.0,176.0,663.0,182.0,669.0,21.0,7160.291666666664
38,1.0,179.0158407798538,1137.9916057405903,1.0,1.0,1.0,177.0,1136.0,181.0,1140.0,9.0,895.3125
39,1.0,181.28630746416215,1252.3209886307463,1.0,1.0,1.0,178.0,1249.0,185.0,1256.0,30.0,28879.714285714283
40,1.0,184.37098315006403,1185.724526921279,1.0,1.0,1.0,181.0,1182.0,188.0,1189.0,32.0,23100.714285714283
41,1.0,186.3343601516979,222.63407971404078,1.0,1.0,1.0,183.0,218.0,190.0,227.0,39.0,39752.0
42,1.0,191.11535865983882,1177.1034099479973,1.0,1.0,1.0,188.0,1174.0,194.0,1180.0,22.0,8630.5
43,1.0,201.14812419146185,1294.5687133048064,1.0,1.0,1.0,198.0,1292.0,204.0,1297.0,19.0,6283.0
44,1.0,200.9863555737481,241.0095510983763,1.0,1.0,1.0,199.0,239.0,203.0,243.0,9.0,2602.3125
45,1.0,202.9782459578638,1608.032827045566,1.0,1.0,1.0,200.0,1605.0,206.0,1611.0,25.0,11808.75
46,1.0,210.74135216687804,800.7712424017143,1.0,1.0,1.0,207.0,797.0,214.0,804.0,31.0,21787.0
47,1.0,216.47804738181426,1443.0444070105013,1.0,1.0,1.0,213.0,1440.0,220.0,1446.0,26.0,11017.230769230766
48,1.0,223.4681918325596,981.4906168856716,1.0,1.0,1.0,220.0,978.0,227.0,985.0,32.0,24826.857142857145
49,1.0,225.50041315485043,56.51239464551314,1.0,1.0,1.0,223.0,54.0,228.0,59.0,16.0,3217.2000000000007
50,1.0,226.88377530484195,1425.5720670060377,1.0,1.0,1.0,224.0,1422.0,230.0,1429.0,27.0,14652.307692307695
51,1.0,241.98631888505307,839.9914333205472,1.0,1.0,1.0,240.0,838.0,244.0,842.0,9.0,1071.5625
52,1.0,247.10915863277827,941.9298422436459,1.0,1.0,1.0,244.0,939.0,250.0,945.0,22.0,6810.041666666664
53,1.0,254.5363019257729,961.4846528443887,1.0,1.0,1.0,251.0,958.0,258.0,965.0,32.0,27069.142857142855
54,1.0,255.51935599284437,16.527728085867622,1.0,1.0,1.0,253.0,14.0,258.0,19.0,16.0,4091.0
55,1.0,280.7078672866658,1270.232227388882,1.0,1.0,1.0,277.0,1267.0,284.0,1274.0,31.0,23074.857142857145
56,1.0,282.00446493569524,422.99514680902695,1.0,1.0,1.0,279.0,420.0,285.0,426.0,21.0,7005.666666666664
57,1.0,287.1109681052166,563.9269195189639,1.0,1.0,1.0,284.0,561.0,290.0,567.0,22.0,9500.583333333336
58,1.0,288.13892297205183,895.8987048398092,1.0,1.0,1.0,285.0,893.0,291.0,899.0,22.0,6725.166666666664
59,1.0,288.9665100702358,1568.9649751151217,1.0,1.0,1.0,286.0,1566.0,292.0,1572.0,21.0,8542.583333333336
60,1.0,288.4738161970792,1917.523528544033,1.0,1.0,1.0,286.0,1915.0,291.0,1920.0,16.0,3333.2000000000007
61,1.0,298.7990265666194,1783.3971810991686,1.0,1.0,1.0,296.0,1781.0,302.0,1786.0,19.0,6519.727272727272
62,1.0,301.42000589275193,244.6157925751326,1.0,1.0,1.0,299.0,242.0,304.0,247.0,15.0,3485.600000000002
63,1.0,302.86159742182735,793.8605086664925,1.0,1.0,1.0,300.0,791.0,306.0,797.0,22.0,7463.416666666664
64,1.0,305.6739394714953,273.9926418836778,1.0,1.0,1.0,303.0,271.0,308.0,277.0,18.0,4359.181818181816
65,1.0,306.075491863007,465.0011173184358,1.0,1.0,1.0,303.0,462.0,309.0,468.0,21.0,6792.083333333336
66,1.0,305.9981202255729,723.1799784025917,1.0,1.0,1.0,303.0,720.0,309.0,726.0,23.0,8893.958333333336
67,1.0,307.6420642448791,1521.7355602840516,1.0,1.0,1.0,304.0,1518.0,311.0,1525.0,30.0,18277.714285714283
68,1.0,307.38225315354504,43.645933014354064,1.0,1.0,1.0,305.0,41.0,310.0,46.0,15.0,3011.0
69,1.0,310.6020443255636,1085.3989873901414,1.0,1.0,1.0,307.0,1082.0,314.0,1089.0,31.0,26290.857142857145
70,1.0,322.6339787920701,702.3821807284463,1.0,1.0,1.0,319.0,699.0,326.0,706.0,30.0,20453.571428571428
71,1.0,341.87274932363096,1460.1272973225114,1.0,1.0,1.0,339.0,1457.0,345.0,1463.0,22.0,7397.041666666664
72,1.0,348.70564437512184,959.6314827451745,1.0,1.0,1.0,345.0,955.0,352.0,964.0,39.0,47901.0
73,1.0,355.3238660662625,391.6752282961435,1.0,1.0,1.0,352.0,388.0,359.0,395.0,30.0,18167.571428571428
74,1.0,355.68582064536616,594.6390677652123,1.0,1.0,1.0,352.0,590.0,359.0,599.0,38.0,25121.5
75,1.0,361.0970620755015,1209.8786921497394,1.0,1.0,1.0,358.0,1207.0,364.0,1213.0,22.0,9494.458333333336
76,1.0,361.3931265064925,1672.6102169349194,1.0,1.0,1.0,359.0,1670.0,364.0,1675.0,15.0,2833.600000000002
77,1.0,368.017405817835,758.2213479573994,1.0,1.0,1.0,365.0,755.0,371.0,761.0,23.0,8021.541666666664
78,1.0,368.0073996326424,1920.9902387824718,1.0,1.0,1.0,365.0,1918.0,371.0,1924.0,21.0,7809.625
79,1.0,370.015588825436,36.99120234604106,1.0,1.0,1.0,368.0,35.0,372.0,39.0,9.0,1156.625
80,1.0,370.36382098533284,185.58277547950357,1.0,1.0,1.0,368.0,183.0,373.0,188.0,15.0,3767.7999999999993
81,1.0,375.597165748382,958.4367105358131,1.0,1.0,1.0,372.0,955.0,379.0,962.0,31.0,17514.0
82,1.0,376.4966927239928,397.45423932651835,1.0,1.0,1.0,374.0,395.0,379.0,400.0,16.0,4418.799999999999
83,1.0,380.9965876229034,326.0064198958936,1.0,1.0,1.0,378.0,323.0,384.0,329.0,21.0,4945.333333333336
84,1.0,384.5239260143198,1184.4871718377087,1.0,1.0,1.0,382.0,1182.0,387.0,1187.0,16.0,4238.399999999998
85,1.0,388.8788914036811,1138.1387026519196,1.0,1.0,1.0,386.0,1135.0,392.0,1141.0,22.0,7341.75
86,1.0,388.42691355477615,1812.866927996699,1.0,1.0,1.0,386.0,1810.0,391.0,1816.0,19.0,6510.36363636364
87,1.0,393.48065368901706,1127.5377913962989,1.0,1.0,1.0,391.0,1125.0,396.0,1130.0,16.0,4184.0
88,1.0,395.7869113490705,874.9915210381753,1.0,1.0,1.0,393.0,872.0,399.0,878.0,23.0,7306.75
89,1.0,399.5126283652512,98.49639189564252,1.0,1.0,1.0,397.0,96.0,402.0,101.0,16.0,4206.399999999998
90,1.0,403.0019520356944,1665.0032069157835,1.0,1.0,1.0,401.0,1663.0,405.0,1667.0,9.0,987.875
91,1.0,412.9821702738844,225.94849190233273,1.0,1.0,1.0,410.0,223.0,416.0,229.0,21.0,6832.041666666664
92,1.0,411.98759913482337,1832.9958183129056,1.0,1.0,1.0,410.0,1831.0,414.0,1835.0,9.0,952.8125
93,1.0,417.0802215515883,779.5365960077082,1.0,1.0,1.0,412.0,774.0,422.0,785.0,54.0,40682.428571428565
94,1.0,415.6125626814463,1051.6860769212312,1.0,1.0,1.0,412.0,1048.0,419.0,1055.0,30.0,18176.142857142855
95,1.0,441.0042442462673,1030.25543794053,1.0,1.0,1.0,438.0,1027.0,444.0,1034.0,28.0,16013.692307692305
96,1.0,443.50227824131605,450.5012130895319,1.0,1.0,1.0,441.0,448.0,446.0,453.0,16.0,4547.799999999999
97,1.0,444.53558823529414,128.50764705882352,1.0,1.0,1.0,442.0,126.0,447.0,131.0,16.0,3532.0
98,1.0,445.63900611175785,1401.0537325378348,1.0,1.0,1.0,442.0,1397.0,449.0,1405.0,35.0,27446.199999999997
99,1.0,452.23833282161496,905.0259441203561,1.0,1.0,1.0,449.0,902.0,455.0,908.0,23.0,7143.083333333336
100,1.0,462.9804813516838,907.2882539977255,1.0,1.0,1.0,460.0,904.0,466.0,911.0,28.0,17608.53846153846
101,1.0,464.8927660349854,758.5620444606413,1.0,1.0,1.0,462.0,756.0,468.0,761.0,19.0,6298.36363636364
102,1.0,468.9856421584096,1111.6722940990849,1.0,1.0,1.0,466.0,1109.0,472.0,1114.0,18.0,4974.181818181816
103,1.0,470.9903283921742,998.4654382249755,1.0,1.0,1.0,468.0,995.0,474.0,1002.0,26.0,11187.846153846156
104,1.0,476.657826027209,1523.7207640511199,1.0,1.0,1.0,473.0,1520.0,480.0,1527.0,30.0,20494.0
105,1.0,487.9866190497717,443.98883413950546,1.0,1.0,1.0,485.0,441.0,491.0,447.0,21.0,6869.958333333336
106,1.0,494.02455357142856,231.01966185410333,1.0,1.0,1.0,491.0,228.0,497.0,234.0,21.0,7063.416666666664
107,1.0,497.34637762145815,256.8094471106436,1.0,1.0,1.0,493.0,251.0,502.0,262.0,49.0,25404.0
108,1.0,501.0101241272304,1511.2304887509697,1.0,1.0,1.0,498.0,1508.0,504.0,1514.0,23.0,8611.666666666664
109,1.0,508.6102153757696,486.8319398193623,1.0,1.0,1.0,505.0,483.0,512.0,491.0,37.0,47036.399999999994
110,1.0,511.0279181068865,775.1917375697952,1.0,1.0,1.0,508.0,772.0,514.0,778.0,23.0,10135.75
111,1.0,530.8777224410912,1347.8827399093138,1.0,1.0,1.0,528.0,1345.0,534.0,1351.0,22.0,9042.125
112,1.0,533.4969006835099,1289.3678362896753,1.0,1.0,1.0,529.0,1286.0,538.0,1293.0,39.0,35725.0
113,1.0,546.5243727392777,414.5099041166676,1.0,1.0,1.0,544.0,412.0,549.0,417.0,16.0,4120.200000000001
114,1.0,552.1003605769231,499.1188301282051,1.0,1.0,1.0,549.0,496.0,555.0,502.0,22.0,7413.208333333336
115,1.0,561.3529817601656,750.3373722564788,1.0,1.0,1.0,558.0,747.0,565.0,754.0,30.0,19684.857142857145
116,1.0,573.905400720096,479.4026136818242,1.0,1.0,1.0,571.0,476.0,577.0,483.0,27.0,14622.38461538461
117,1.0,575.5008434864105,909.9742580443611,1.0,1.0,1.0,572.0,907.0,579.0,913.0,26.0,9805.538461538461
118,1.0,582.442226487524,232.8984792558689,1.0,1.0,1.0,579.0,230.0,586.0,236.0,27.0,13434.307692307695
119,1.0,594.445822631502,1064.4090500950115,1.0,1.0,1.0,591.0,1061.0,598.0,1068.0,31.0,20319.428571428572
120,1.0,595.5081902700575,706.4866938855822,1.0,1.0,1.0,593.0,704.0,598.0,709.0,16.0,4864.200000000004
121,1.0,601.5351399594321,898.4467018255579,1.0,1.0,1.0,598.0,895.0,605.0,902.0,32.0,28953.857142857145
122,1.0,604.4896289616079,134.53207936098943,1.0,1.0,1.0,602.0,132.0,607.0,137.0,16.0,4396.799999999999
123,1.0,615.7389861445283,36.80818053596615,1.0,1.0,1.0,612.0,33.0,619.0,41.0,35.0,22775.0
124,1.0,615.9030258241984,373.9114833518085,1.0,1.0,1.0,613.0,371.0,619.0,377.0,22.0,7554.583333333336
125,1.0,622.5386858110227,1245.9854222835288,1.0,1.0,1.0,619.0,1243.0,626.0,1249.0,26.0,10727.692307692305
126,1.0,628.5905994442239,629.606621675268,1.0,1.0,1.0,625.0,626.0,632.0,633.0,33.0,29887.142857142855
127,1.0,630.8132850323324,343.9499949216237,1.0,1.0,1.0,628.0,341.0,634.0,347.0,23.0,10939.0
128,1.0,632.1280505139677,530.3794083761017,1.0,1.0,1.0,628.0,527.0,636.0,534.0,36.0,32692.199999999997
129,1.0,632.0370920397721,1550.1938717499506,1.0,1.0,1.0,628.0,1546.0,636.0,1554.0,38.0,51787.5625
130,1.0,633.4786742983752,861.9609798129001,1.0,1.0,1.0,630.0,859.0,637.0,865.0,26.0,9002.0
131,1.0,632.5092253070252,1613.5366975146965,1.0,1.0,1.0,630.0,1611.0,635.0,1616.0,16.0,3864.2000000000007
132,1.0,650.8858566603124,801.8431490585599,1.0,1.0,1.0,648.0,799.0,654.0,805.0,22.0,9776.0
133,1.0,665.153770945012,1028.9989548565457,1.0,1.0,1.0,662.0,1026.0,668.0,1032.0,23.0,8652.875
134,1.0,673.5092473905878,927.4894250137337,1.0,1.0,1.0,671.0,925.0,676.0,930.0,16.0,5362.4000000000015
135,1.0,686.8460814713122,409.8446139462223,1.0,1.0,1.0,682.0,405.0,691.0,415.0,54.0,109174.36842105264
136,1.0,689.052633361558,1149.788281117697,1.0,1.0,1.0,686.0,1147.0,692.0,1153.0,23.0,8334.791666666664
137,1.0,691.0024385203554,1792.998966728663,1.0,1.0,1.0,688.0,1790.0,694.0,1796.0,21.0,8261.916666666664
138,1.0,695.6211945459719,1375.6401698365105,1.0,1.0,1.0,692.0,1372.0,699.0,1379.0,30.0,19354.428571428572
139,1.0,698.7784888459564,728.9210009961663,1.0,1.0,1.0,696.0,726.0,702.0,732.0,23.0,10817.791666666664
140,1.0,699.9872529793332,920.5024890632071,1.0,1.0,1.0,698.0,918.0,702.0,923.0,12.0,1850.0
141,1.0,704.5160248960512,412.9818444771571,1.0,1.0,1.0,701.0,410.0,708.0,416.0,26.0,15313.38461538461
142,1.0,714.5175214514967,128.52243400799108,1.0,1.0,1.0,712.0,126.0,717.0,131.0,16.0,3804.600000000002
143,1.0,733.0201020470892,1408.486106842073,1.0,1.0,1.0,730.0,1405.0,736.0,1412.0,26.0,10497.076923076922
144,1.0,736.6105691212127,1144.7044617117547,1.0,1.0,1.0,733.0,1141.0,740.0,1148.0,30.0,23391.571428571428
145,1.0,741.9446909769117,980.7714965592643,1.0,1.0,1.0,739.0,978.0,745.0,984.0,23.0,9178.416666666664
146,1.0,744.8636923746013,741.1070237750073,1.0,1.0,1.0,742.0,738.0,748.0,744.0,22.0,7037.833333333336
147,1.0,744.4973395764606,1485.4628072789187,1.0,1.0,1.0,742.0,1483.0,747.0,1488.0,16.0,4393.200000000001
148,1.0,746.035535813437,433.20662132148806,1.0,1.0,1.0,743.0,430.0,749.0,436.0,23.0,8874.375
149,1.0,747.5067532859948,1279.965372412751,1.0,1.0,1.0,744.0,1277.0,751.0,1283.0,26.0,10943.538461538461
150,1.0,755.0154947244152,1198.9897624142257,1.0,1.0,1.0,751.0,1196.0,759.0,1202.0,31.0,23023.75
151,1.0,755.234509749593,780.711304679112,1.0,1.0,1.0,752.0,777.0,759.0,784.0,31.0,25101.71428571429
152,1.0,760.0088068700895,494.8186004019733,1.0,1.0,1.0,757.0,492.0,763.0,498.0,23.0,7642.041666666664
153,1.0,762.9734285477041,1334.5151263527914,1.0,1.0,1.0,760.0,1331.0,766.0,1338.0,26.0,13033.923076923078
154,1.0,766.9066908345811,1632.92170383797,1.0,1.0,1.0,764.0,1630.0,770.0,1636.0,22.0,7400.916666666664
155,1.0,767.7081465351607,1483.294415268349,1.0,1.0,1.0,765.0,1481.0,770.0,1486.0,15.0,3988.399999999998
156,1.0,783.0397817614964,867.180607950117,1.0,1.0,1.0,780.0,864.0,786.0,870.0,23.0,9234.375
157,1.0,792.5137381187348,219.49041707785798,1.0,1.0,1.0,790.0,217.0,795.0,222.0,16.0,5607.399999999998
158,1.0,811.5035259388837,1726.463838626797,1.0,1.0,1.0,809.0,1724.0,814.0,1729.0,16.0,4116.200000000001
159,1.0,817.0142897566496,1095.525155631013,1.0,1.0,1.0,814.0,1092.0,820.0,1099.0,26.0,10998.461538461539
160,1.0,816.9861701661333,1420.7099022487178,1.0,1.0,1.0,814.0,1417.0,820.0,1424.0,28.0,17663.38461538461
161,1.0,817.8455680045383,1537.2753226492696,1.0,1.0,1.0,814.0,1534.0,822.0,1541.0,35.0,36590.600000000006
162,1.0,825.277497639472,850.2618076621733,1.0,1.0,1.0,822.0,847.0,829.0,854.0,31.0,17867.428571428565
163,1.0,827.661503770516,1145.6670671299719,1.0,1.0,1.0,824.0,1142.0,831.0,1149.0,30.0,23841.0
164,1.0,837.513308857274,979.9815855897201,1.0,1.0,1.0,834.0,977.0,841.0,983.0,26.0,10005.0
165,1.0,851.8965815290203,161.137819266174,1.0,1.0,1.0,849.0,158.0,855.0,164.0,22.0,7511.666666666664
166,1.0,859.1039160481188,134.12550123709582,1.0,1.0,1.0,856.0,131.0,862.0,137.0,22.0,7695.833333333336
167,1.0,861.6256271422185,287.6558789925985,1.0,1.0,1.0,858.0,284.0,865.0,291.0,30.0,16271.285714285717
168,1.0,861.8767109011325,727.9259709581046,1.0,1.0,1.0,859.0,725.0,865.0,731.0,22.0,7364.833333333336
169,1.0,862.6197175358576,940.633730834753,1.0,1.0,1.0,860.0,938.0,865.0,943.0,15.0,3045.2000000000044
170,1.0,866.7603987717613,829.1324955699541,1.0,1.0,1.0,863.0,825.0,870.0,833.0,35.0,34580.79999999999
171,1.0,871.7913691496991,602.9675095881014,1.0,1.0,1.0,869.0,600.0,875.0,606.0,23.0,10112.875
172,1.0,873.2050374490409,820.0166229497835,1.0,1.0,1.0,870.0,817.0,876.0,823.0,23.0,7434.75
173,1.0,876.5312841885908,1259.5144568898152,1.0,1.0,1.0,874.0,1257.0,879.0,1262.0,16.0,3524.5999999999985
174,1.0,878.0084441032685,1862.0156761342976,1.0,1.0,1.0,875.0,1859.0,881.0,1865.0,21.0,8323.25
175,1.0,879.0450048496605,116.03064985451019,1.0,1.0,1.0,876.0,113.0,882.0,119.0,21.0,6188.625
176,1.0,882.4914160691186,631.3930561987959,1.0,1.0,1.0,879.0,628.0,886.0,635.0,32.0,28350.428571428565
177,1.0,882.8640457357664,390.90727543268855,1.0,1.0,1.0,880.0,388.0,886.0,394.0,22.0,7240.333333333336
178,1.0,888.9805925734248,1288.1933303144003,1.0,1.0,1.0,886.0,1285.0,892.0,1291.0,23.0,8563.125
179,1.0,895.4595182648013,1045.5188257492052,1.0,1.0,1.0,892.0,1042.0,899.0,1049.0,32.0,24560.142857142855
180,1.0,894.5953290608825,1607.6363076164653,1.0,1.0,1.0,892.0,1605.0,897.0,1610.0,15.0,3254.600000000002
181,1.0,896.0986604750848,1241.1211644936595,1.0,1.0,1.0,893.0,1238.0,899.0,1244.0,22.0,7121.916666666664
182,1.0,898.4456732285238,1539.5749808549936,1.0,1.0,1.0,895.0,1536.0,902.0,1543.0,31.0,17844.857142857145
183,1.0,901.8431261503611,1474.8572490443155,1.0,1.0,1.0,899.0,1472.0,905.0,1478.0,22.0,7945.541666666664
184,1.0,908.0033485540334,787.1607914764079,1.0,1.0,1.0,905.0,784.0,911.0,790.0,23.0,9064.375
185,1.0,910.4971572426668,402.98509320283995,1.0,1.0,1.0,907.0,400.0,914.0,406.0,26.0,13248.923076923078
186,1.0,916.2063091700643,1327.0074286504043,1.0,1.0,1.0,913.0,1324.0,919.0,1330.0,23.0,7468.541666666664
187,1.0,918.059049404366,777.2206264739675,1.0,1.0,1.0,915.0,774.0,921.0,780.0,23.0,9284.625
188,1.0,919.4923680480006,1967.9486697656018,1.0,1.0,1.0,916.0,1965.0,923.0,1971.0,26.0,10271.61538461539
189,1.0,924.5417746257829,1243.4994151700448,1.0,1.0,1.0,921.0,1240.0,928.0,1247.0,32.0,31703.0
190,1.0,928.5241825988037,1085.4955781439214,1.0,1.0,1.0,925.0,1082.0,932.0,1089.0,32.0,21388.71428571429
191,1.0,928.9480994554156,100.61774575059134,1.0,1.0,1.0,926.0,97.0,932.0,104.0,27.0,15442.38461538461
192,1.0,931.1857917352241,1176.6330212242096,1.0,1.0,1.0,926.0,1171.0,937.0,1182.0,62.0,95216.45454545456
193,1.0,931.1180245706253,1679.8923965527779,1.0,1.0,1.0,928.0,1677.0,934.0,1683.0,24.0,11052.75
194,1.0,938.99696912294,18.504167455957568,1.0,1.0,1.0,937.0,16.0,941.0,21.0,12.0,2098.666666666668
195,1.0,943.3242841834145,1469.3595157075445,1.0,1.0,1.0,940.0,1466.0,947.0,1473.0,30.0,23994.428571428572
196,1.0,950.0023972885839,196.02236091592957,1.0,1.0,1.0,947.0,193.0,953.0,199.0,21.0,8334.833333333336
197,1.0,962.0040265453732,1039.9997763030349,1.0,1.0,1.0,959.0,1037.0,965.0,1043.0,21.0,6203.458333333336
198,1.0,996.5242112663678,1588.0237572135807,1.0,1.0,1.0,993.0,1585.0,1000.0,1591.0,26.0,11070.461538461539
199,1.0,1002.0942421895172,134.149668646183,1.0,1.0,1.0,999.0,131.0,1005.0,137.0,22.0,7331.916666666664
200,1.0,1009.4308289090292,1450.557212062709,1.0,1.0,1.0,1006.0,1447.0,1013.0,1454.0,32.0,24164.857142857145
201,1.0,1009.6517044127947,10.996614522530937,1.0,1.0,1.0,1007.0,8.0,1012.0,14.0,18.0,4851.727272727272
202,1.0,1015.230947681867,1823.974516117863,1.0,1.0,1.0,1012.0,1821.0,1018.0,1827.0,23.0,9036.916666666664
203,1.0,1018.1788856304985,965.9852761485826,1.0,1.0,1.0,1015.0,963.0,1021.0,969.0,23.0,7864.0416666666715
204,1.0,1028.6880696380097,1330.5402253529671,1.0,1.0,1.0,1025.0,1327.0,1032.0,1334.0,31.0,33900.571428571435
205,1.0,1033.3208331113833,59.301949608480264,1.0,1.0,1.0,1030.0,56.0,1037.0,63.0,30.0,15901.571428571428
206,1.0,1038.2008589260336,876.9964777853303,1.0,1.0,1.0,1035.0,874.0,1041.0,880.0,23.0,7899.4583333333285
207,1.0,1039.0436048457266,571.2006559132589,1.0,1.0,1.0,1036.0,568.0,1042.0,574.0,23.0,7835.375
208,1.0,1040.6566521757845,814.000817802264,1.0,1.0,1.0,1038.0,811.0,1043.0,817.0,18.0,4546.272727272721
209,1.0,1041.2152459016393,1582.0717049180328,1.0,1.0,1.0,1038.0,1579.0,1044.0,1585.0,23.0,8576.416666666664
210,1.0,1043.012753520503,644.0130546452928,1.0,1.0,1.0,1040.0,640.0,1046.0,648.0,31.0,23425.5
211,1.0,1042.383408654096,1194.6314477170017,1.0,1.0,1.0,1040.0,1192.0,1045.0,1197.0,15.0,3969.0
212,1.0,1050.0000931636512,679.9490394827554,1.0,1.0,1.0,1047.0,676.0,1053.0,684.0,31.0,19858.0
213,1.0,1055.5346509107796,721.9821456215491,1.0,1.0,1.0,1052.0,719.0,1059.0,725.0,26.0,12334.692307692305
214,1.0,1058.012904522613,457.9811055276382,1.0,1.0,1.0,1055.0,455.0,1061.0,461.0,21.0,6346.5
215,1.0,1062.5694428749011,1071.8595321505254,1.0,1.0,1.0,1060.0,1069.0,1065.0,1075.0,19.0,5995.636363636368
216,1.0,1065.997015927487,1114.0193964713342,1.0,1.0,1.0,1063.0,1111.0,1069.0,1117.0,21.0,7038.083333333336
217,1.0,1072.095682564037,86.91352341985254,1.0,1.0,1.0,1069.0,84.0,1075.0,90.0,22.0,8020.458333333336
218,1.0,1072.187973437448,1687.018987552975,1.0,1.0,1.0,1069.0,1684.0,1075.0,1690.0,23.0,9277.875
219,1.0,1078.3293708408953,935.2894736842105,1.0,1.0,1.0,1073.0,932.0,1083.0,939.0,46.0,64956.52941176471
220,1.0,1082.2198605583312,906.9619781522567,1.0,1.0,1.0,1079.0,904.0,1085.0,910.0,23.0,9520.041666666672
221,1.0,1085.1451871372103,392.1539831202592,1.0,1.0,1.0,1082.0,389.0,1088.0,395.0,22.0,8247.333333333336
222,1.0,1088.8054011685906,1977.9576029642296,1.0,1.0,1.0,1086.0,1975.0,1092.0,1981.0,23.0,9246.75
223,1.0,1094.797380139957,841.9783702504193,1.0,1.0,1.0,1092.0,839.0,1098.0,845.0,23.0,9039.458333333328
224,1.0,1102.2250474937894,373.98213502849626,1.0,1.0,1.0,1099.0,371.0,1105.0,377.0,23.0,7435.458333333336
225,1.0,1103.0133408546044,1715.5595825694543,1.0,1.0,1.0,1100.0,1712.0,1106.0,1719.0,26.0,12415.692307692305
226,1.0,1115.8308722466961,1883.9915418502203,1.0,1.0,1.0,1113.0,1881.0,1119.0,1887.0,23.0,8780.25
227,1.0,1124.072220911022,514.9709569139591,1.0,1.0,1.0,1120.0,511.0,1128.0,519.0,37.0,40991.46875
228,1.0,1126.3739775992926,1366.313333578955,1.0,1.0,1.0,1123.0,1363.0,1130.0,1370.0,30.0,23103.71428571429
229,1.0,1127.0186337159985,931.1939150596618,1.0,1.0,1.0,1124.0,928.0,1130.0,934.0,23.0,9609.166666666672
230,1.0,1135.4022352225786,610.6657440607243,1.0,1.0,1.0,1132.0,607.0,1139.0,614.0,30.0,17755.142857142855
231,1.0,1139.0357177209914,519.7851165475007,1.0,1.0,1.0,1136.0,517.0,1142.0,523.0,23.0,8837.041666666664
232,1.0,1139.1251228803146,617.8801302531334,1.0,1.0,1.0,1136.0,615.0,1142.0,621.0,22.0,9641.25
233,1.0,1143.393397115821,1005.5281783581829,1.0,1.0,1.0,1140.0,1002.0,1147.0,1009.0,31.0,22294.71428571429
234,1.0,1147.4445348301201,948.8847853792131,1.0,1.0,1.0,1144.0,946.0,1151.0,952.0,25.0,9366.61538461539
235,1.0,1149.0760281112343,1288.063788291469,1.0,1.0,1.0,1146.0,1285.0,1152.0,1291.0,22.0,7706.291666666664
236,1.0,1161.3851859009978,432.1212282269949,1.0,1.0,1.0,1158.0,429.0,1165.0,435.0,27.0,15073.153846153844
237,1.0,1161.9964167845355,1648.1520980669495,1.0,1.0,1.0,1159.0,1645.0,1165.0,1651.0,23.0,10317.416666666664
238,1.0,1175.1617699115045,693.9739233038348,1.0,1.0,1.0,1172.0,691.0,1178.0,697.0,23.0,9530.458333333328
239,1.0,1190.8213660845997,1789.0238430134825,1.0,1.0,1.0,1188.0,1786.0,1194.0,1792.0,23.0,8309.25
240,1.0,1193.9106553045317,1580.1066521337032,1.0,1.0,1.0,1191.0,1577.0,1197.0,1583.0,22.0,9285.875
241,1.0,1201.9931262029145,1723.0034827238567,1.0,1.0,1.0,1200.0,1721.0,1204.0,1725.0,9.0,3459.0
242,1.0,1205.9966107834007,533.5820656110939,1.0,1.0,1.0,1203.0,530.0,1209.0,537.0,26.0,14040.230769230766
243,1.0,1205.9208443979508,982.9118317641694,1.0,1.0,1.0,1203.0,980.0,1209.0,986.0,24.0,10073.333333333328
244,1.0,1211.9980568011958,1692.4980568011958,1.0,1.0,1.0,1210.0,1690.0,1214.0,1695.0,12.0,2218.0
245,1.0,1213.987663491895,764.4998275541877,1.0,1.0,1.0,1211.0,761.0,1217.0,768.0,26.0,10774.692307692305
246,1.0,1215.265757522089,1779.2168368852942,1.0,1.0,1.0,1212.0,1776.0,1219.0,1783.0,31.0,21189.428571428572
247,1.0,1216.400568743442,580.1448927143052,1.0,1.0,1.0,1213.0,576.0,1220.0,584.0,35.0,28693.399999999994
248,1.0,1220.525183887916,1330.973169877408,1.0,1.0,1.0,1218.0,1329.0,1223.0,1333.0,12.0,1995.6666666666642
249,1.0,1223.3767555262536,1604.6772319595964,1.0,1.0,1.0,1220.0,1600.0,1227.0,1609.0,40.0,39049.5
250,1.0,1227.1158404108237,34.96758344854829,1.0,1.0,1.0,1224.0,31.0,1230.0,39.0,30.0,18357.0
251,1.0,1240.796478611991,1087.9709499757441,1.0,1.0,1.0,1238.0,1085.0,1244.0,1091.0,23.0,9402.875
252,1.0,1241.2222866965194,1467.9441847225112,1.0,1.0,1.0,1238.0,1464.0,1245.0,1472.0,36.0,48168.0
253,1.0,1246.001635201427,1076.0050170952877,1.0,1.0,1.0,1243.0,1073.0,1249.0,1079.0,21.0,4765.2083333333285
254,1.0,1249.5162475012785,1028.5155966714703,1.0,1.0,1.0,1247.0,1026.0,1252.0,1031.0,16.0,3423.7999999999956
255,1.0,1253.2432314137436,1557.0093791033578,1.0,1.0,1.0,1250.0,1554.0,1257.0,1560.0,28.0,18106.692307692305
256,1.0,1261.7683858092396,1246.0428328742723,1.0,1.0,1.0,1258.0,1242.0,1265.0,1250.0,34.0,25049.199999999997
257,1.0,1263.3520026183364,1614.6284007691363,1.0,1.0,1.0,1260.0,1611.0,1267.0,1618.0,30.0,20344.714285714283
258,1.0,1264.6211856457041,1214.6678499825261,1.0,1.0,1.0,1261.0,1211.0,1268.0,1218.0,30.0,21623.428571428565
259,1.0,1264.1869563917865,1275.9890306961174,1.0,1.0,1.0,1261.0,1273.0,1267.0,1279.0,23.0,9270.375
260,1.0,1267.397766448167,1222.583879582423,1.0,1.0,1.0,1265.0,1220.0,1270.0,1225.0,15.0,3445.0
261,1.0,1273.3950495585766,1121.9238151979634,1.0,1.0,1.0,1269.0,1118.0,1278.0,1126.0,45.0,123181.17647058824
262,1.0,1279.1300843346519,280.9025673557728,1.0,1.0,1.0,1276.0,278.0,1282.0,284.0,22.0,8381.625
263,1.0,1287.4959703843367,1592.495659971718,1.0,1.0,1.0,1284.0,1589.0,1291.0,1596.0,32.0,45555.428571428565
264,1.0,1288.9709662268904,151.0251910678451,1.0,1.0,1.0,1286.0,148.0,1292.0,154.0,21.0,7132.458333333336
265,1.0,1291.9939472949063,35.99934817022069,1.0,1.0,1.0,1289.0,33.0,1295.0,39.0,21.0,6658.583333333336
266,1.0,1294.040140939298,1963.0043263012356,1.0,1.0,1.0,1291.0,1960.0,1297.0,1966.0,21.0,5572.333333333336
267,1.0,1298.028908779973,2060.2432412764256,1.0,1.0,1.0,1294.0,2057.0,1302.0,2064.0,34.0,25921.0
268,1.0,1304.4951934349356,619.9970105509965,1.0,1.0,1.0,1301.0,617.0,1308.0,623.0,26.0,9100.38461538461
269,1.0,1312.841894423984,1534.8456096142663,1.0,1.0,1.0,1310.0,1532.0,1316.0,1538.0,22.0,9234.333333333336
270,1.0,1316.7969633477799,870.9564880456933,1.0,1.0,1.0,1314.0,868.0,1320.0,874.0,23.0,8708.541666666672
271,1.0,1322.384094305964,715.1876958680874,1.0,1.0,1.0,1319.0,711.0,1326.0,719.0,36.0,40856.59999999999
272,1.0,1332.509462446757,1413.9830161212055,1.0,1.0,1.0,1329.0,1411.0,1336.0,1417.0,26.0,11093.538461538461
273,1.0,1333.006265190386,908.1815014852822,1.0,1.0,1.0,1330.0,905.0,1336.0,911.0,23.0,10199.583333333328
274,1.0,1333.843284131935,106.46835474126286,1.0,1.0,1.0,1331.0,103.0,1337.0,110.0,28.0,16111.846153846156
275,1.0,1333.8803543054194,653.8879948612191,1.0,1.0,1.0,1331.0,651.0,1337.0,657.0,22.0,7300.291666666664
276,1.0,1335.0164624108286,1162.4667224123964,1.0,1.0,1.0,1332.0,1159.0,1338.0,1166.0,26.0,11031.61538461539
277,1.0,1338.0936356242375,1689.9084316117662,1.0,1.0,1.0,1335.0,1687.0,1341.0,1693.0,22.0,8651.5
278,1.0,1344.8841435185186,2037.1262345679013,1.0,1.0,1.0,1342.0,2034.0,1348.0,2040.0,22.0,7115.125
279,1.0,1349.1981167717747,1380.9777674445638,1.0,1.0,1.0,1346.0,1378.0,1352.0,1384.0,23.0,10428.875
280,1.0,1352.9774856884603,1284.4732298885206,1.0,1.0,1.0,1349.0,1280.0,1357.0,1289.0,47.0,72259.41176470589
281,1.0,1354.4945687418935,860.5083495460441,1.0,1.0,1.0,1352.0,858.0,1357.0,863.0,16.0,5268.799999999996
282,1.0,1362.0126492910513,1181.1882979349298,1.0,1.0,1.0,1359.0,1178.0,1365.0,1184.0,23.0,8956.291666666672
283,1.0,1367.6533724216476,19.50890032479858,1.0,1.0,1.0,1364.0,16.0,1371.0,23.0,31.0,22207.714285714283
284,1.0,1370.5046876450385,1744.539713481234,1.0,1.0,1.0,1367.0,1741.0,1374.0,1748.0,32.0,29726.71428571429
285,1.0,1369.9543752556558,1786.1870929171519,1.0,1.0,1.0,1367.0,1783.0,1373.0,1789.0,23.0,9782.0
286,1.0,1379.8970987789264,27.960119921301647,1.0,1.0,1.0,1377.0,25.0,1383.0,31.0,24.0,11753.083333333336
287,1.0,1381.1387686133698,2071.145844334143,1.0,1.0,1.0,1378.0,2068.0,1384.0,2074.0,22.0,9553.916666666664
288,1.0,1381.8825224994396,1439.9003298850207,1.0,1.0,1.0,1379.0,1437.0,1385.0,1443.0,22.0,9140.625
289,1.0,1385.529961984794,359.484343737495,1.0,1.0,1.0,1383.0,357.0,1388.0,362.0,16.0,4520.0
290,1.0,1390.891946839351,372.9318173261549,1.0,1.0,1.0,1388.0,370.0,1394.0,376.0,22.0,6904.541666666664
291,1.0,1407.822875228027,434.46699927470934,1.0,1.0,1.0,1405.0,431.0,1411.0,438.0,28.0,16623.076923076922
292,1.0,1409.3063391563048,209.76783888931269,1.0,1.0,1.0,1406.0,206.0,1413.0,214.0,35.0,31458.600000000006
293,1.0,1409.93100143747,421.93731503142703,1.0,1.0,1.0,1407.0,419.0,1413.0,425.0,24.0,11748.875
294,1.0,1429.8702470930232,1944.8891279069767,1.0,1.0,1.0,1426.0,1941.0,1433.0,1949.0,35.0,33612.40000000001
295,1.0,1439.5175171159606,1698.0071940522037,1.0,1.0,1.0,1436.0,1695.0,1443.0,1701.0,26.0,12975.38461538461
296,1.0,1444.7792253645448,154.93432899057302,1.0,1.0,1.0,1442.0,152.0,1448.0,158.0,23.0,9001.375
297,1.0,1445.827599817823,737.981691209959,1.0,1.0,1.0,1443.0,735.0,1449.0,741.0,23.0,8750.291666666672
298,1.0,1448.0031495161197,1074.1873103132336,1.0,1.0,1.0,1445.0,1071.0,1451.0,1077.0,23.0,9137.166666666672
299,1.0,1458.0576569477278,420.7916009981613,1.0,1.0,1.0,1455.0,418.0,1461.0,424.0,23.0,8691.625
300,1.0,1465.527363484188,1726.5333504245148,1.0,1.0,1.0,1462.0,1723.0,1469.0,1730.0,32.0,31176.0
301,1.0,1467.124211833121,236.1251592668823,1.0,1.0,1.0,1464.0,233.0,1470.0,239.0,22.0,11479.541666666664
302,1.0,1481.0061125880504,912.2787340150971,1.0,1.0,1.0,1478.0,909.0,1484.0,916.0,28.0,17896.307692307688
303,1.0,1480.9887720008091,575.9847258749747,1.0,1.0,1.0,1479.0,574.0,1483.0,578.0,9.0,748.1875
304,1.0,1490.0400103670586,1833.213269835099,1.0,1.0,1.0,1487.0,1830.0,1493.0,1836.0,23.0,8766.458333333336
305,1.0,1489.9011846591907,1926.093436917777,1.0,1.0,1.0,1487.0,1923.0,1493.0,1929.0,22.0,8809.208333333336
306,1.0,1501.1083763625932,706.0835800344234,1.0,1.0,1.0,1497.0,702.0,1505.0,710.0,38.0,46480.71875
307,1.0,1505.0032493389824,2063.997674492689,1.0,1.0,1.0,1502.0,2061.0,1508.0,2067.0,21.0,15143.0
308,1.0,1522.026718535256,569.541219222437,1.0,1.0,1.0,1519.0,566.0,1525.0,573.0,26.0,15629.61538461539
309,1.0,1528.5879970363053,1045.6413435416152,1.0,1.0,1.0,1526.0,1043.0,1531.0,1048.0,15.0,3076.7999999999956
310,1.0,1531.7985256894178,1215.9945527480497,1.0,1.0,1.0,1528.0,1212.0,1535.0,1220.0,34.0,29141.199999999997
311,1.0,1536.0202811829809,1301.467155603802,1.0,1.0,1.0,1533.0,1298.0,1539.0,1305.0,26.0,10834.692307692305
312,1.0,1536.0131081232912,2005.9761806673907,1.0,1.0,1.0,1533.0,2003.0,1539.0,2009.0,21.0,8816.625
313,1.0,1553.5923982379702,1296.867944057964,1.0,1.0,1.0,1550.0,1294.0,1557.0,1300.0,27.0,12638.307692307695
314,1.0,1553.6195080978634,2100.2024681254306,1.0,1.0,1.0,1550.0,2096.0,1557.0,2104.0,36.0,55889.0
315,1.0,1553.5916390179163,159.16549435965496,1.0,1.0,1.0,1551.0,156.0,1556.0,162.0,19.0,6066.909090909088
316,1.0,1556.2588278762073,505.02236219364147,1.0,1.0,1.0,1553.0,501.0,1560.0,509.0,34.0,23299.399999999994
317,1.0,1561.025900151286,2021.494523449319,1.0,1.0,1.0,1558.0,2018.0,1564.0,2025.0,26.0,9984.61538461539
318,1.0,1566.3588466272051,1832.702592353826,1.0,1.0,1.0,1563.0,1829.0,1570.0,1836.0,30.0,22123.714285714283
319,1.0,1568.0146778042958,1750.9337311058075,1.0,1.0,1.0,1564.0,1747.0,1572.0,1755.0,37.0,39660.15625
320,1.0,1569.8044457961237,873.0264591224529,1.0,1.0,1.0,1567.0,870.0,1573.0,876.0,23.0,9989.708333333328
321,1.0,1571.449014573311,1488.8455271362668,1.0,1.0,1.0,1567.0,1485.0,1577.0,1494.0,53.0,70155.5263157895
322,1.0,1570.9833318826704,91.00587518495952,1.0,1.0,1.0,1568.0,88.0,1574.0,94.0,21.0,6685.416666666664
323,1.0,1574.3723536536133,256.82969721437223,1.0,1.0,1.0,1571.0,253.0,1578.0,261.0,36.0,29482.600000000006
324,1.0,1577.5845335360061,1138.858863765913,1.0,1.0,1.0,1575.0,1136.0,1580.0,1142.0,19.0,5037.454545454544
325,1.0,1580.1212970137688,462.5583536985158,1.0,1.0,1.0,1577.0,459.0,1583.0,466.0,25.0,10478.0
326,1.0,1600.517711753557,505.4434478524332,1.0,1.0,1.0,1597.0,502.0,1604.0,509.0,32.0,37580.857142857145
327,1.0,1602.972004445646,274.50274849058303,1.0,1.0,1.0,1600.0,271.0,1606.0,278.0,26.0,11296.61538461539
328,1.0,1603.1077389500558,1159.0818892612094,1.0,1.0,1.0,1600.0,1156.0,1606.0,1162.0,22.0,7431.7916666666715
329,1.0,1607.1352180250212,820.2688874043483,1.0,1.0,1.0,1604.0,817.0,1610.0,823.0,22.0,8667.208333333328
330,1.0,1608.1924102408725,488.64744735646116,1.0,1.0,1.0,1605.0,485.0,1612.0,492.0,32.0,29967.71428571429
331,1.0,1621.5351756905081,1207.0781698717467,1.0,1.0,1.0,1618.0,1203.0,1625.0,1211.0,35.0,27631.59999999999
332,1.0,1624.9995618891342,1466.0821418045389,1.0,1.0,1.0,1621.0,1462.0,1629.0,1470.0,41.0,72610.5625
333,1.0,1629.513039461693,1330.509518994295,1.0,1.0,1.0,1626.0,1327.0,1633.0,1334.0,32.0,39086.71428571429
334,1.0,1636.625050010002,6.3213392678535705,1.0,1.0,1.0,1633.0,3.0,1640.0,10.0,30.0,16720.142857142855
335,1.0,1643.9769202588839,441.1992917328123,1.0,1.0,1.0,1641.0,438.0,1647.0,444.0,23.0,10821.75
336,1.0,1648.5920156587692,377.15569057619376,1.0,1.0,1.0,1646.0,374.0,1651.0,380.0,19.0,6070.545454545456
337,1.0,1653.8712211574054,188.070826306914,1.0,1.0,1.0,1651.0,185.0,1657.0,191.0,22.0,5734.875
338,1.0,1656.5262161334335,1722.961545958288,1.0,1.0,1.0,1653.0,1720.0,1660.0,1726.0,26.0,11197.076923076922
339,1.0,1665.1429085026066,92.82848982363633,1.0,1.0,1.0,1660.0,90.0,1670.0,96.0,39.0,17386.0625
340,1.0,1667.661825020507,2062.670347918292,1.0,1.0,1.0,1664.0,2059.0,1671.0,2066.0,30.0,22651.428571428572
341,1.0,1667.9669863639328,376.7941541071312,1.0,1.0,1.0,1665.0,374.0,1671.0,380.0,23.0,9155.0
342,1.0,1674.9075364987505,459.08194133894517,1.0,1.0,1.0,1672.0,456.0,1678.0,462.0,22.0,9594.041666666664
343,1.0,1680.4015795141797,105.35335646763193,1.0,1.0,1.0,1678.0,103.0,1683.0,108.0,15.0,4001.399999999998
344,1.0,1680.4167920553716,591.8942435836808,1.0,1.0,1.0,1678.0,589.0,1683.0,595.0,19.0,4460.090909090912
345,1.0,1681.968253968254,1782.5507152321463,1.0,1.0,1.0,1679.0,1779.0,1685.0,1786.0,26.0,12339.0
346,1.0,1685.1239722456182,53.90097461196005,1.0,1.0,1.0,1682.0,51.0,1688.0,57.0,22.0,7869.541666666664
347,1.0,1685.40683736766,1197.8603843104333,1.0,1.0,1.0,1682.0,1195.0,1689.0,1201.0,27.0,13195.538461538468
348,1.0,1690.5325482283279,1504.5267400856135,1.0,1.0,1.0,1687.0,1501.0,1694.0,1508.0,32.0,62745.71428571429
349,1.0,1700.9003405836365,2121.876886755941,1.0,1.0,1.0,1698.0,2119.0,1704.0,2125.0,22.0,7090.416666666664
350,1.0,1710.8173884455603,1682.0331151558623,1.0,1.0,1.0,1708.0,1679.0,1714.0,1685.0,23.0,10406.583333333336
351,1.0,1712.671264727145,1953.2708426955317,1.0,1.0,1.0,1709.0,1950.0,1716.0,1957.0,30.0,21912.428571428572
352,1.0,1714.1127834981014,1546.1234905757192,1.0,1.0,1.0,1711.0,1543.0,1717.0,1549.0,22.0,7089.125
353,1.0,1715.8989728096676,493.5780866062437,1.0,1.0,1.0,1713.0,491.0,1719.0,496.0,19.0,6108.36363636364
354,1.0,1720.0007517540928,926.9940694954895,1.0,1.0,1.0,1718.0,925.0,1722.0,929.0,9.0,2298.125
355,1.0,1721.546826112319,1750.9967651270085,1.0,1.0,1.0,1718.0,1748.0,1725.0,1754.0,26.0,13165.769230769234
356,1.0,1725.9836305562949,1231.0228240617514,1.0,1.0,1.0,1723.0,1228.0,1729.0,1234.0,21.0,7823.0
357,1.0,1747.4798591307872,761.4697770090224,1.0,1.0,1.0,1744.0,758.0,1751.0,765.0,32.0,27245.428571428565
358,1.0,1755.8003444674994,281.57660333346894,1.0,1.0,1.0,1752.0,277.0,1759.0,286.0,40.0,32517.5
359,1.0,1755.1092906585382,1403.1036705404204,1.0,1.0,1.0,1752.0,1400.0,1758.0,1406.0,22.0,8084.25
360,1.0,1756.219575305864,773.963802559415,1.0,1.0,1.0,1753.0,771.0,1759.0,777.0,23.0,9367.125
361,1.0,1758.4905375453638,921.973743819568,1.0,1.0,1.0,1755.0,919.0,1762.0,925.0,26.0,12265.076923076922
362,1.0,1761.3257502511897,563.333996853021,1.0,1.0,1.0,1758.0,560.0,1765.0,567.0,30.0,21567.71428571429
363,1.0,1766.5621683967704,133.90326248146317,1.0,1.0,1.0,1763.0,130.0,1770.0,138.0,35.0,28070.800000000003
364,1.0,1767.4912105560138,539.5027127913538,1.0,1.0,1.0,1765.0,537.0,1770.0,542.0,16.0,5603.799999999996
365,1.0,1778.9816763476163,562.5100878300642,1.0,1.0,1.0,1776.0,559.0,1782.0,566.0,26.0,10166.61538461539
366,1.0,1780.500520177408,57.59329427439815,1.0,1.0,1.0,1777.0,54.0,1784.0,61.0,32.0,26331.857142857145
367,1.0,1783.9735778488266,796.2658864692044,1.0,1.0,1.0,1780.0,793.0,1788.0,800.0,34.0,42004.8
368,1.0,1783.4362267142292,1614.1191438763376,1.0,1.0,1.0,1780.0,1610.0,1787.0,1618.0,35.0,27805.20000000001
369,1.0,1798.9833874306744,827.5189766657295,1.0,1.0,1.0,1796.0,824.0,1802.0,831.0,26.0,10450.923076923078
370,1.0,1811.3456931396615,1980.6738893708127,1.0,1.0,1.0,1808.0,1977.0,1815.0,1984.0,30.0,26061.571428571428
371,1.0,1824.48469978497,61.44042564922534,1.0,1.0,1.0,1822.0,59.0,1827.0,64.0,16.0,4653.0
372,1.0,1825.9831863483187,893.9624650462465,1.0,1.0,1.0,1823.0,891.0,1829.0,897.0,21.0,4808.4583333333285
373,1.0,1830.5003697443483,89.47517430804986,1.0,1.0,1.0,1828.0,87.0,1833.0,92.0,16.0,4616.799999999999
374,1.0,1832.905120998149,1872.8994995543978,1.0,1.0,1.0,1830.0,1870.0,1836.0,1876.0,22.0,8628.458333333336
375,1.0,1835.8071134571276,531.9696169918623,1.0,1.0,1.0,1833.0,529.0,1839.0,535.0,23.0,9121.708333333336
376,1.0,1836.0242427834746,698.820757512892,1.0,1.0,1.0,1833.0,696.0,1839.0,702.0,23.0,8716.583333333328
377,1.0,1840.5070085299546,464.47747792687187,1.0,1.0,1.0,1838.0,462.0,1843.0,467.0,16.0,4283.799999999996
378,1.0,1846.9861685801425,144.97892262563863,1.0,1.0,1.0,1844.0,141.0,1850.0,149.0,31.0,23502.25
379,1.0,1846.8812710226866,1992.892721677521,1.0,1.0,1.0,1844.0,1990.0,1850.0,1996.0,22.0,7656.208333333336
380,1.0,1849.0197463477284,401.055245625301,1.0,1.0,1.0,1846.0,397.0,1852.0,405.0,31.0,19792.0
381,1.0,1852.826762478151,1052.9813278583913,1.0,1.0,1.0,1850.0,1050.0,1856.0,1056.0,23.0,10326.583333333328
382,1.0,1858.984791873431,1498.8103508669508,1.0,1.0,1.0,1856.0,1496.0,1862.0,1502.0,23.0,10252.041666666672
383,1.0,1862.5244711083044,1466.0281023050204,1.0,1.0,1.0,1859.0,1463.0,1866.0,1469.0,26.0,11665.076923076922
384,1.0,1863.8071436957032,1389.9887297487674,1.0,1.0,1.0,1861.0,1387.0,1867.0,1393.0,23.0,9886.333333333328
385,1.0,1863.8128934164513,1738.9519537783183,1.0,1.0,1.0,1861.0,1736.0,1867.0,1742.0,23.0,9761.75
386,1.0,1869.60466367713,698.6647533632287,1.0,1.0,1.0,1866.0,695.0,1873.0,702.0,30.0,18681.571428571435
387,1.0,1872.5998280679132,673.3983451536643,1.0,1.0,1.0,1870.0,671.0,1875.0,676.0,15.0,2810.5999999999985
388,1.0,1876.0095025931985,1417.0192488426328,1.0,1.0,1.0,1873.0,1414.0,1879.0,1420.0,21.0,7605.7083333333285
389,1.0,1876.5851723803678,1925.9471549969305,1.0,1.0,1.0,1873.0,1923.0,1880.0,1929.0,29.0,27654.076923076922
390,1.0,1877.0322310004894,1173.002481996784,1.0,1.0,1.0,1874.0,1170.0,1880.0,1176.0,21.0,7124.9583333333285
391,1.0,1884.8002511060624,1541.0064869066125,1.0,1.0,1.0,1882.0,1538.0,1888.0,1544.0,23.0,9546.708333333328
392,1.0,1890.8907314184187,320.1290716612378,1.0,1.0,1.0,1888.0,317.0,1894.0,323.0,22.0,7133.375
393,1.0,1890.986367830461,459.479209453225,1.0,1.0,1.0,1888.0,456.0,1894.0,463.0,26.0,9589.076923076922
394,1.0,1891.1094428305644,1595.8786108300421,1.0,1.0,1.0,1888.0,1593.0,1894.0,1599.0,22.0,8537.5
395,1.0,1892.4251089324619,851.1592796840958,1.0,1.0,1.0,1890.0,848.0,1895.0,854.0,19.0,7199.1818181818235
396,1.0,1895.2217866143937,1349.910627275273,1.0,1.0,1.0,1892.0,1346.0,1899.0,1354.0,35.0,28452.40000000001
397,1.0,1906.4721265866806,285.4367240479917,1.0,1.0,1.0,1903.0,282.0,1910.0,289.0,32.0,25835.428571428572
398,1.0,1906.4679507222813,10.514289287724345,1.0,1.0,1.0,1904.0,8.0,1909.0,13.0,16.0,3179.0
399,1.0,1917.8764245263233,1022.4984094245963,1.0,1.0,1.0,1915.0,1019.0,1921.0,1026.0,28.0,22627.923076923078
400,1.0,1929.357308335836,218.15601269895748,1.0,1.0,1.0,1925.0,214.0,1934.0,222.0,43.0,90834.88235294119
401,1.0,1936.0175216138327,339.03515850144095,1.0,1.0,1.0,1933.0,336.0,1939.0,342.0,21.0,7538.875
402,1.0,1936.0067631906634,1051.5116341528922,1.0,1.0,1.0,1933.0,1048.0,1939.0,1055.0,26.0,13034.61538461539
403,1.0,1949.9172006692131,858.1053379210202,1.0,1.0,1.0,1947.0,855.0,1953.0,861.0,22.0,8256.666666666672
404,1.0,1955.8880791254555,279.11076820108576,1.0,1.0,1.0,1953.0,276.0,1959.0,282.0,22.0,7359.0
405,1.0,1956.9852442489232,805.9932178535423,1.0,1.0,1.0,1955.0,804.0,1959.0,808.0,9.0,2166.9375
406,1.0,1970.1131858881151,1349.6066937067933,1.0,1.0,1.0,1967.0,1346.0,1973.0,1353.0,27.0,11532.230769230773
407,1.0,1974.4771506849315,172.61630684931507,1.0,1.0,1.0,1971.0,169.0,1978.0,176.0,30.0,19047.857142857145
408,1.0,1992.9503469210754,38.986470078057245,1.0,1.0,1.0,1990.0,36.0,1996.0,42.0,21.0,7044.0
409,1.0,1998.9730573102977,1104.5242661795671,1.0,1.0,1.0,1996.0,1101.0,2002.0,1108.0,26.0,11996.0
410,1.0,2000.5547440059229,652.7685659775614,1.0,1.0,1.0,1997.0,649.0,2004.0,656.0,31.0,32571.142857142855
411,1.0,2001.5,1721.5165618842075,1.0,1.0,1.0,1999.0,1719.0,2004.0,1724.0,16.0,4717.200000000004
412,1.0,2002.9031451896556,1807.6062311408948,1.0,1.0,1.0,2000.0,1804.0,2006.0,1811.0,29.0,21730.61538461539
413,1.0,2007.2809699061438,758.4953952349927,1.0,1.0,1.0,2004.0,755.0,2011.0,762.0,31.0,22614.28571428571
414,1.0,2026.5380807397385,1182.1562246278754,1.0,1.0,1.0,2023.0,1178.0,2030.0,1186.0,36.0,42497.2
415,1.0,2027.6226371029784,2007.5840339597758,1.0,1.0,1.0,2024.0,2004.0,2031.0,2011.0,33.0,35417.71428571429
416,1.0,2030.3671651878176,827.7575595718241,1.0,1.0,1.0,2027.0,824.0,2034.0,832.0,36.0,44541.20000000001
417,1.0,2030.4774125602794,1886.9888032814144,1.0,1.0,1.0,2027.0,1884.0,2034.0,1890.0,26.0,11744.38461538461
418,1.0,2034.5296922277576,1061.639587599458,1.0,1.0,1.0,2030.0,1058.0,2039.0,1065.0,38.0,50739.5
419,1.0,2033.988457566369,1053.5417957596744,1.0,1.0,1.0,2031.0,1051.0,2037.0,1056.0,20.0,8224.72727272728
420,1.0,2033.8491147036182,1773.996831882513,1.0,1.0,1.0,2031.0,1771.0,2037.0,1777.0,23.0,11110.833333333336
421,1.0,2038.644414673271,1515.2818487898605,1.0,1.0,1.0,2035.0,1512.0,2042.0,1519.0,30.0,24570.428571428565
422,1.0,2037.9865351362077,1560.8345947784676,1.0,1.0,1.0,2035.0,1558.0,2041.0,1564.0,23.0,12157.416666666664
423,1.0,2046.9867225093567,1079.0145250401,1.0,1.0,1.0,2045.0,1077.0,2049.0,1081.0,9.0,2468.375
424,1.0,2050.4737686335734,1987.4765061915864,1.0,1.0,1.0,2047.0,1984.0,2054.0,1991.0,30.0,17953.714285714283
425,1.0,2064.275659267691,485.3284152766224,1.0,1.0,1.0,2061.0,482.0,2068.0,489.0,32.0,33719.857142857145
426,1.0,2065.4912203429644,247.01606178059666,1.0,1.0,1.0,2062.0,244.0,2069.0,250.0,26.0,11486.538461538461
427,1.0,2067.1967581401964,1139.998208445898,1.0,1.0,1.0,2064.0,1137.0,2070.0,1143.0,23.0,10431.583333333328
428,1.0,2071.9737309526035,464.20454332990556,1.0,1.0,1.0,2069.0,461.0,2075.0,467.0,23.0,9975.041666666664
429,1.0,2080.342589564442,931.9503790694217,1.0,1.0,1.0,2077.0,928.0,2084.0,936.0,33.0,32465.199999999997
430,1.0,2089.101937444599,1447.628742790703,1.0,1.0,1.0,2085.0,1444.0,2093.0,1451.0,36.0,44285.2
431,1.0,2090.038515235457,328.7042216066482,1.0,1.0,1.0,2087.0,325.0,2093.0,332.0,28.0,17307.692307692305
432,1.0,2092.0144814814817,1192.5027037037037,1.0,1.0,1.0,2089.0,1190.0,2095.0,1195.0,20.0,6022.727272727279
433,1.0,2096.0568575844927,1763.4196850064752,1.0,1.0,1.0,2093.0,1760.0,2099.0,1767.0,27.0,19658.923076923078
434,1.0,2100.336871373954,1597.2984118920942,1.0,1.0,1.0,2097.0,1594.0,2104.0,1601.0,32.0,37451.857142857145
435,1.0,2108.501958038331,1656.0699966285433,1.0,1.0,1.0,2105.0,1653.0,2112.0,1659.0,26.0,13318.61538461539
436,1.0,2109.9558118003533,532.4983867800129,1.0,1.0,1.0,2107.0,529.0,2113.0,536.0,26.0,10878.153846153844
437,1.0,2110.654504745543,2054.598994564452,1.0,1.0,1.0,2107.0,2051.0,2114.0,2058.0,31.0,38486.857142857145
438,1.0,2117.1445490045453,1146.1071954420331,1.0,1.0,1.0,2114.0,1143.0,2120.0,1149.0,22.0,8291.291666666672
439,1.0,2118.907609455868,374.9206182682893,1.0,1.0,1.0,2116.0,372.0,2122.0,378.0,22.0,9210.958333333336
440,1.0,2118.8774460017603,813.8850294535852,1.0,1.0,1.0,2116.0,811.0,2122.0,817.0,22.0,7406.666666666664
441,1.0,2124.0530561348914,1378.0888646119554,1.0,1.0,1.0,2120.0,1374.0,2128.0,1382.0,38.0,49567.25
442,1.0,2126.465897724431,81.01409727431857,1.0,1.0,1.0,2123.0,78.0,2130.0,84.0,26.0,10812.538461538461
443,1.0,2128.914916550765,1453.9982382939268,1.0,1.0,1.0,2125.0,1450.0,2133.0,1458.0,37.0,48271.25
444,1.0,2131.2905716486625,1559.9884452087924,1.0,1.0,1.0,2128.0,1557.0,2135.0,1563.0,28.0,24274.230769230773
445,1.0,2133.019772863897,1957.998976425287,1.0,1.0,1.0,2130.0,1954.0,2136.0,1962.0,31.0,27867.25
446,1.0,2140.0088983534242,206.9797695554626,1.0,1.0,1.0,2137.0,204.0,2143.0,210.0,21.0,9376.458333333336
447,1.0,2140.623219050496,1950.3887126818709,1.0,1.0,1.0,2138.0,1948.0,2143.0,1953.0,15.0,4738.200000000004
448,1.0,2143.1908438862006,2099.9929304368716,1.0,1.0,1.0,2140.0,2097.0,2146.0,2103.0,23.0,8762.208333333336
449,1.0,2166.869126406353,650.4323709463931,1.0,1.0,1.0,2164.0,648.0,2170.0,653.0,19.0,5274.818181818184
450,1.0,2175.1008385293485,511.42710267586637,1.0,1.0,1.0,2171.0,508.0,2179.0,515.0,33.0,18417.600000000006
451,1.0,2188.11989355084,1935.8390820488007,1.0,1.0,1.0,2185.0,1933.0,2191.0,1939.0,22.0,8873.0
452,1.0,2188.965402623396,781.967404124522,1.0,1.0,1.0,2186.0,779.0,2192.0,785.0,21.0,7418.458333333336
453,1.0,2195.0937147158447,847.9071724286252,1.0,1.0,1.0,2192.0,845.0,2198.0,851.0,24.0,11798.5
454,1.0,2202.7849589763337,446.9149610497319,1.0,1.0,1.0,2200.0,444.0,2206.0,450.0,23.0,11536.625
455,1.0,2203.2195295104716,1947.036335473878,1.0,1.0,1.0,2200.0,1944.0,2206.0,1950.0,23.0,9547.875
456,1.0,2203.4942138178953,428.45521248830454,1.0,1.0,1.0,2201.0,426.0,2206.0,431.0,16.0,4639.799999999996
457,1.0,2208.844445842244,291.99021889545855,1.0,1.0,1.0,2206.0,289.0,2212.0,295.0,23.0,11370.041666666664
458,1.0,2209.063825156998,1480.770565193061,1.0,1.0,1.0,2206.0,1478.0,2212.0,1484.0,23.0,9363.833333333336
459,1.0,2211.0095652173914,149.00992753623188,1.0,1.0,1.0,2208.0,146.0,2214.0,152.0,23.0,8475.916666666664
460,1.0,2210.9825258559435,1223.485275928314,1.0,1.0,1.0,2208.0,1220.0,2214.0,1227.0,26.0,12569.692307692305
461,1.0,2215.4123411921846,1656.6136737800143,1.0,1.0,1.0,2212.0,1653.0,2219.0,1660.0,31.0,30271.0
462,1.0,2218.342906774754,1001.7032839771693,1.0,1.0,1.0,2215.0,998.0,2222.0,1005.0,30.0,28375.571428571435
463,1.0,2227.049011761195,1451.6320523081515,1.0,1.0,1.0,2223.0,1448.0,2231.0,1455.0,35.0,36175.2
464,1.0,2226.233121679409,1534.0279577556046,1.0,1.0,1.0,2223.0,1531.0,2229.0,1537.0,23.0,7994.041666666664
465,1.0,2230.8967113610643,2106.9195157916397,1.0,1.0,1.0,2228.0,2104.0,2234.0,2110.0,22.0,10396.416666666664
466,1.0,2235.471945745511,457.50551327088215,1.0,1.0,1.0,2233.0,455.0,2238.0,460.0,16.0,5023.200000000004
467,1.0,2238.0112375807853,161.99946947043503,1.0,1.0,1.0,2235.0,159.0,2241.0,165.0,21.0,6498.875
468,1.0,2238.4968957061615,363.03370376167373,1.0,1.0,1.0,2235.0,360.0,2242.0,366.0,26.0,14931.38461538461
469,1.0,2248.0009504412765,1920.2428716904276,1.0,1.0,1.0,2245.0,1917.0,2251.0,1923.0,23.0,8172.833333333336
470,1.0,2248.904029560094,278.91821041593846,1.0,1.0,1.0,2246.0,276.0,2252.0,282.0,24.0,15291.791666666672
471,1.0,2252.644854368932,1386.6601165048544,1.0,1.0,1.0,2249.0,1383.0,2256.0,1390.0,30.0,20862.0
472,1.0,2252.9633939218734,273.06461171539047,1.0,1.0,1.0,2250.0,270.0,2256.0,276.0,21.0,8471.666666666664
473,1.0,2254.6206417908566,1216.6083763423221,1.0,1.0,1.0,2251.0,1213.0,2258.0,1220.0,33.0,38702.428571428565
474,1.0,2261.9733642738233,972.0077014915335,1.0,1.0,1.0,2259.0,968.0,2265.0,976.0,31.0,25409.0
475,1.0,2261.7752161383287,1353.9345542437482,1.0,1.0,1.0,2259.0,1351.0,2265.0,1357.0,23.0,9513.0
476,1.0,2262.5168188007465,288.4644207978214,1.0,1.0,1.0,2260.0,286.0,2265.0,291.0,16.0,5153.799999999996
477,1.0,2272.8601673989847,1889.1741607891304,1.0,1.0,1.0,2269.0,1885.0,2276.0,1893.0,35.0,40837.59999999999
478,1.0,2274.5874820201375,466.65448697458845,1.0,1.0,1.0,2271.0,463.0,2278.0,470.0,30.0,20996.0
479,1.0,2279.546540698076,254.71186066105886,1.0,1.0,1.0,2276.0,250.0,2283.0,259.0,39.0,33021.5
480,1.0,2279.059545110771,1341.6124956189703,1.0,1.0,1.0,2276.0,1338.0,2282.0,1345.0,27.0,23733.53846153847
481,1.0,2283.359207966121,1189.5276296211514,1.0,1.0,1.0,2280.0,1186.0,2287.0,1193.0,33.0,46365.857142857145
482,1.0,2283.0566807693463,1223.7938308278574,1.0,1.0,1.0,2280.0,1221.0,2286.0,1227.0,23.0,10074.0
483,1.0,2286.5161588180977,1562.5123334652421,1.0,1.0,1.0,2284.0,1560.0,2289.0,1565.0,16.0,6003.0
484,1.0,2296.0455087525024,1071.3987818901996,1.0,1.0,1.0,2293.0,1068.0,2299.0,1075.0,27.0,17069.307692307695
485,1.0,2296.206710630003,2123.731657749575,1.0,1.0,1.0,2293.0,2121.0,2299.0,2127.0,22.0,5230.041666666664
486,1.0,2303.9908857668993,1089.7825619167822,1.0,1.0,1.0,2301.0,1086.0,2307.0,1094.0,33.0,50262.0
487,1.0,2305.357430133031,1135.5935856450449,1.0,1.0,1.0,2303.0,1133.0,2308.0,1138.0,15.0,4239.5999999999985
488,1.0,2309.991601360343,1103.2120656513382,1.0,1.0,1.0,2307.0,1100.0,2313.0,1106.0,23.0,9956.208333333328
489,1.0,2317.9662105589136,532.5310424719281,1.0,1.0,1.0,2314.0,529.0,2322.0,536.0,34.0,48844.399999999994
490,1.0,2322.1952820939423,993.009180308387,1.0,1.0,1.0,2319.0,990.0,2325.0,996.0,23.0,10979.583333333336
491,1.0,2326.509802108378,206.08771037543926,1.0,1.0,1.0,2323.0,203.0,2330.0,209.0,23.0,4185.076923076922
492,1.0,2337.5284764498556,1555.9614907081063,1.0,1.0,1.0,2334.0,1553.0,2341.0,1559.0,28.0,20225.230769230773
493,1.0,2341.263619907258,1198.0431596697001,1.0,1.0,1.0,2338.0,1194.0,2345.0,1202.0,34.0,45544.399999999994
494,1.0,2352.002300025556,1836.500894454383,1.0,1.0,1.0,2349.0,1833.0,2355.0,1840.0,26.0,12315.076923076922
495,1.0,2361.889957438513,969.1132590402548,1.0,1.0,1.0,2359.0,966.0,2365.0,972.0,22.0,9240.041666666664
496,1.0,2365.99966725111,1272.04498509029,1.0,1.0,1.0,2362.0,1268.0,2370.0,1276.0,37.0,43377.03125
497,1.0,2368.3841202536482,857.2749637099855,1.0,1.0,1.0,2365.0,854.0,2372.0,861.0,30.0,21708.142857142855
498,1.0,2368.8073231997937,1960.6665110137833,1.0,1.0,1.0,2365.0,1957.0,2373.0,1964.0,36.0,27761.0
499,1.0,2369.417264260991,704.4569445241237,1.0,1.0,1.0,2366.0,701.0,2373.0,708.0,31.0,21616.285714285717
500,1.0,2374.895266731984,1862.880401364911,1.0,1.0,1.0,2372.0,1860.0,2378.0,1866.0,22.0,10330.916666666664
501,1.0,2382.5294305932835,1225.2377891586068,1.0,1.0,1.0,2378.0,1222.0,2387.0,1229.0,40.0,68163.0
502,1.0,2387.9358853233425,1770.1224140739535,1.0,1.0,1.0,2384.0,1766.0,2392.0,1774.0,39.0,76402.53125
503,1.0,2390.007795800327,1033.4341003394945,1.0,1.0,1.0,2387.0,1030.0,2393.0,1037.0,26.0,14408.769230769234
504,1.0,2401.568617683686,1938.374595267746,1.0,1.0,1.0,2399.0,1936.0,2404.0,1941.0,15.0,3017.0
505,1.0,2404.9941881749955,666.3406095551894,1.0,1.0,1.0,2402.0,664.0,2408.0,669.0,18.0,5083.727272727272
506,1.0,2411.003868613139,1021.4920437956205,1.0,1.0,1.0,2409.0,1019.0,2413.0,1024.0,12.0,1875.3333333333321
507,1.0,2422.9965506746476,1537.0062899462312,1.0,1.0,1.0,2421.0,1535.0,2425.0,1539.0,9.0,2651.375
508,1.0,2436.5102774384923,874.0500436224045,1.0,1.0,1.0,2434.0,871.0,2439.0,877.0,20.0,7713.1818181818235
509,1.0,2442.464575435564,1000.7609553927442,1.0,1.0,1.0,2439.0,997.0,2446.0,1004.0,29.0,21970.571428571435
510,1.0,2446.2207908927503,871.0334168527697,1.0,1.0,1.0,2443.0,867.0,2450.0,875.0,34.0,39087.0
511,1.0,2452.076243857494,566.6541513104013,1.0,1.0,1.0,2449.0,563.0,2455.0,570.0,27.0,15107.38461538461
512,1.0,2469.9949412999904,190.31173045719194,1.0,1.0,1.0,2468.0,188.0,2472.0,193.0,12.0,4158.333333333334
513,1.0,2472.4933597621407,649.492864222002,1.0,1.0,1.0,2470.0,647.0,2475.0,652.0,16.0,5127.200000000004
514,1.0,2496.1203389082566,642.3975111424915,1.0,1.0,1.0,2493.0,640.0,2499.0,645.0,19.0,6189.181818181816
515,1.0,2502.9701628516113,1737.9904338913564,1.0,1.0,1.0,2501.0,1736.0,2505.0,1740.0,9.0,1083.1875
516,1.0,2509.5300491569324,1074.0286748771077,1.0,1.0,1.0,2506.0,1071.0,2513.0,1077.0,26.0,14432.076923076922
517,1.0,2519.451122153404,1400.9706568071026,1.0,1.0,1.0,2516.0,1398.0,2523.0,1404.0,26.0,17985.076923076922
518,1.0,2522.5026134951386,1140.9864938957526,1.0,1.0,1.0,2519.0,1137.0,2526.0,1145.0,32.0,26282.199999999997
519,1.0,2531.1076512455516,691.6062933133545,1.0,1.0,1.0,2528.0,689.0,2534.0,694.0,19.0,4758.090909090912
520,1.0,2538.873124567208,838.1329537585597,1.0,1.0,1.0,2536.0,835.0,2542.0,841.0,22.0,7220.0
521,1.0,2541.00300834131,1235.3654177492137,1.0,1.0,1.0,2537.0,1232.0,2545.0,1239.0,36.0,38258.2
522,1.0,2546.3801435237556,1415.8342760180994,1.0,1.0,1.0,2543.0,1412.0,2550.0,1419.0,32.0,25456.857142857145
